{"cameraMode":{"drawMode":0,"name":"Shaded","section":"Shading Mode"},"sceneLighting":true,"audioPlay":false,"sceneViewState":{"showFog":true,"showMaterialUpdate":true,"showSkybox":true,"showFlares":true,"showImageEffects":true,"showParticleSystems":true},"in2DMode":false,"pivot":{"x":-6.562729835510254,"y":5.045929908752441,"z":-13.612015724182129},"rotation":{"x":0.016803056001663209,"y":-0.9054135680198669,"z":0.035533539950847629,"w":0.4229564666748047},"size":5.4483866691589359,"orthographic":false}