{"cameraMode":{"drawMode":0,"name":"Shaded","section":"Shading Mode"},"sceneLighting":false,"audioPlay":false,"sceneViewState":{"showFog":true,"showMaterialUpdate":true,"showSkybox":false,"showFlares":true,"showImageEffects":true,"showParticleSystems":true},"in2DMode":false,"pivot":{"x":2.2902870178222658,"y":5.228947639465332,"z":62.51708221435547},"rotation":{"x":-0.007667869329452515,"y":-0.939487099647522,"z":0.02148558385670185,"w":-0.34218552708625796},"size":48.59965515136719,"orthographic":false}