{"cameraMode":{"drawMode":0,"name":"Shaded","section":"Shading Mode"},"sceneLighting":true,"audioPlay":false,"sceneViewState":{"showFog":true,"showMaterialUpdate":true,"showSkybox":true,"showFlares":true,"showImageEffects":true,"showParticleSystems":true},"in2DMode":false,"pivot":{"x":-21.24500274658203,"y":1.8138808012008668,"z":-19.658733367919923},"rotation":{"x":-0.012906418181955815,"y":0.9859299063682556,"z":-0.08926860243082047,"w":-0.1413784623146057},"size":18.598827362060548,"orthographic":false}