{"cameraMode":{"drawMode":0,"name":"Shaded","section":"Shading Mode"},"sceneLighting":false,"audioPlay":false,"sceneViewState":{"showFog":true,"showMaterialUpdate":true,"showSkybox":false,"showFlares":true,"showImageEffects":true,"showParticleSystems":true},"in2DMode":false,"pivot":{"x":334.58349609375,"y":157.54830932617188,"z":0.501739501953125},"rotation":{"x":0.11959154903888703,"y":0.17499633133411408,"z":-0.021578699350357057,"w":0.9771415591239929},"size":233.34524536132813,"orthographic":false}