{"cameraMode":{"drawMode":0,"name":"Shaded","section":"Shading Mode"},"sceneLighting":false,"audioPlay":false,"sceneViewState":{"showFog":true,"showMaterialUpdate":true,"showSkybox":false,"showFlares":true,"showImageEffects":true,"showParticleSystems":true},"in2DMode":false,"pivot":{"x":-0.584716796875,"y":6.50738000869751,"z":-34.90599822998047},"rotation":{"x":0.06842929124832154,"y":-0.7114235162734985,"z":0.06968566030263901,"w":0.6960941553115845},"size":2.974625587463379,"orthographic":false}