{"cameraMode":{"drawMode":0,"name":"Shaded","section":"Shading Mode"},"sceneLighting":false,"audioPlay":false,"sceneViewState":{"showFog":true,"showMaterialUpdate":true,"showSkybox":false,"showFlares":true,"showImageEffects":true,"showParticleSystems":true},"in2DMode":false,"pivot":{"x":0.00007581710815429688,"y":0.8770761489868164,"z":-0.00018903613090515137},"rotation":{"x":-0.07871951907873154,"y":0.6485485434532166,"z":-0.06740835309028626,"w":-0.7542335391044617},"size":4.485898494720459,"orthographic":false}