{"cameraMode":{"drawMode":0,"name":"Shaded","section":"Shading Mode"},"sceneLighting":true,"audioPlay":false,"sceneViewState":{"showFog":true,"showMaterialUpdate":true,"showSkybox":true,"showFlares":true,"showImageEffects":true,"showParticleSystems":true},"in2DMode":false,"pivot":{"x":5.784108638763428,"y":3.660109043121338,"z":-2.4951589107513429},"rotation":{"x":-0.03391348198056221,"y":-0.8996059894561768,"z":0.07217121869325638,"w":-0.4297347366809845},"size":8.083316802978516,"orthographic":false}