{"cameraMode":{"drawMode":0,"name":"Shaded","section":"Shading Mode"},"sceneLighting":false,"audioPlay":false,"sceneViewState":{"showFog":true,"showMaterialUpdate":true,"showSkybox":false,"showFlares":true,"showImageEffects":true,"showParticleSystems":true},"in2DMode":false,"pivot":{"x":0.0004950761795043945,"y":0.865798830986023,"z":0.029529735445976259},"rotation":{"x":-0.07871951907873154,"y":0.6485485434532166,"z":-0.06740835309028626,"w":-0.7542335391044617},"size":4.504673957824707,"orthographic":false}